"","first_name","last_name","team","position","floor","ceiling","points_vor","adp","rank"
"1","Todd","Gurley","LAR","RB",295.026,333.423942449847,172.776991610941,1.56,1
"2","David","Johnson","ARI","RB",272.27,329.755,156.7015,3.84666666666667,2
"3","Le'Veon","Bell","PIT","RB",184.60526772645,320.9435,154.02025,2.23166666666667,3
"4","Ezekiel","Elliott","DAL","RB",258.5593,299.8855,139.504356339506,3.99,4
"5","Alvin","Kamara","NOS","RB",238.07675,291.766139792588,122.0315,6.59666666666667,5
"6","Antonio","Brown","PIT","WR",206.615,290.092636943358,115.730003099455,5.665,6
"7","Kareem","Hunt","KCC","RB",229.774,271.6212,106.7565,9.985,7
"8","Melvin","Gordon","LAC","RB",214.4935,266.70655,106.424188045019,11.3616666666667,8
"9","Saquon","Barkley","NYG","RB",222.01745,273.610685074095,106.3265,7.16166666666667,9
"10","Leonard","Fournette","JAC","RB",226.6,261.568092583324,104.2255,11.0116666666667,10
"11","DeAndre","Hopkins","HOU","WR",164.759,280.431540346815,91.0335784130393,10.5716666666667,11
"12","Rob","Gronkowski","NEP","TE",168.85,212.5745,91.032513800222,21.075,12
"13","Odell","Beckham","NYG","WR",209.77624303075,284.363756847098,90.9508390298781,11.9066666666667,13
"14","Julio","Jones","ATL","WR",218.776001896766,250.705,87.8933739158417,13.1516666666667,14
"15","Christian","McCaffrey","CAR","RB",209.2859,237.65455,82.6477191436423,17.5133333333333,15
"16","Aaron","Rodgers","GBP","QB",373.554,440.1784,82.1633333333334,26.5966666666667,16
"17","Dalvin","Cook","MIN","RB",211.9816,237.127,81.5799569174989,15.2066666666667,17
"18","Michael","Thomas","NOS","WR",210.389275362319,238.8001,77.433421007559,17.2683333333333,18
"19","Devonta","Freeman","ATL","RB",207.99883803988,231.1422,76.2375848204585,19.3583333333333,19
"20","Travis","Kelce","KCC","TE",131.038961038961,198.790909090909,74.8745179246257,28.18,20
"21","Keenan","Allen","LAC","WR",142.15,241.353081200786,72.0070567579901,18.54,21
"22","LeSean","McCoy","BUF","RB",169.08,252.8125,71.71625,28.3566666666667,22
"23","A.J.","Green","CIN","WR",192.2105,222.686596718281,64.3764829869162,21.7266666666667,23
"24","Davante","Adams","GBP","WR",197.2696,229.56204552879,64.3228828603798,20.6783333333333,24
"25","Jordan","Howard","CHI","RB",174.915,216.2077,59.1248617085346,26.1316666666667,25
"26","Joe","Mixon","CIN","RB",170.81875,221.171884712619,55.9365,29.9783333333333,26
"27","Mike","Evans","TBB","WR",183.15385,225.24325,55.5146824717007,26.31,27
"28","Zach","Ertz","PHI","TE",123.415,178.630708036301,54.231263800222,37.0883333333333,28
"29","Tyreek","Hill","KCC","WR",182.981061908674,219.500977339513,50.9659446643018,29.1466666666667,29
"30","Deshaun","Watson","HOU","QB",320.9181,405.11009,45.7533333333333,42.7883333333333,31
"31","Kenyan","Drake","MIA","RB",154.715,210.5325,45.3108546274676,37.055,32
"32","Alex","Collins","BAL","RB",166.47235,199.8764,43.4935,38.9816666666667,33
"33","Tom","Brady","NEP","QB",342.92,403.6297,43.1260333333333,41.24,34
"34","Amari","Cooper","OAK","WR",169.4244,204.246717304942,40.8822113241048,39.6816666666667,35
"35","Larry","Fitzgerald","ARI","WR",174.875,212.59402221113,40.3171846277756,38.16,36
"36","Russell","Wilson","SEA","QB",322.08,389.6865,39.9958333333333,51.3383333333333,37
"37","Stefon","Diggs","MIN","WR",176.241,213.799137826198,39.6156846277756,32.4766666666667,38
"38","Doug","Baldwin","SEA","WR",123.801,213.578,38.3248684399572,38.685,39
"39","Jimmy","Graham","GBP","TE",117.9175,196.025,37.86829018498,51.3766666666667,40
"40","Adam","Thielen","MIN","WR",158.2795,206.052,36.7999596739137,33.1383333333333,41
"41","Jamaal","Charles","FA","RB",174.8,174.8,36.7165,150.96,42
"42","Greg","Olsen","CAR","TE",121.6,161.372456313737,35.6249919570903,57.8,44
"43","T.Y.","Hilton","IND","WR",147.296,209.386682446384,35.3590001608885,32.5483333333333,45
"44","Evan","Engram","NYG","TE",131.537318611987,160.624225662253,34.2553609752558,66.12,46
"45","JuJu","Smith-Schuster","PIT","WR",165.858,208.839890323312,33.7871248515191,43.8083333333333,47
"46","Jarvis","Landry","CLE","WR",155.943,196.195693593486,33.4756320367526,46.965,48
"47","Demaryius","Thomas","DEN","WR",166.2215,199.6,32.4387443300259,46.1566666666667,49
"48","Jay","Ajayi","PHI","RB",157.4335,187.193,31.6875,46.7333333333333,50
"49","Delanie","Walker","TEN","TE",103.125,152.29,29.019263800222,73.3816666666667,52
"50","Golden","Tate","DET","WR",152.715,185.2665,28.122521813042,51.96,53
"51","Derrick","Henry","TEN","RB",151.532307310968,192.4239,27.9770851972438,42.0466666666667,54
"52","Lamar","Miller","HOU","RB",138.873090559652,180.605,27.49475,49.6666666666667,55
"53","Allen","Robinson","CHI","WR",144.524724282912,189.8725,26.2017879114524,54.3416666666667,56
"54","Royce","Freeman","DEN","RB",116.066,198.2296,25.6225151342545,47.4166666666667,57
"55","Marvin","Jones","DET","WR",103.65,191.635,23.2554676964229,61.3133333333333,58
"56","Josh","Gordon","CLE","WR",136.95,185.7635,20.6081846277756,51.805,59
"57","Kyle","Rudolph","MIN","TE",114.824,154.976388278253,20.5377227998421,74.745,60
"58","Brandin","Cooks","LAR","WR",145.394016453767,193.1575,19.1879556904227,56.7766666666667,61
"59","Chris","Johnson","FA","RB",155.5,155.5,17.4165,NA,62
"60","Cam","Newton","CAR","QB",319.3457,359.37,17.3359833333333,58.1466666666667,63
"61","Drew","Brees","NOS","QB",320.86,409.0442,17.1654333333333,63.4633333333333,64
"62","Matt","Forte","FA","RB",155.1,155.1,17.0165,NA,65
"63","Marshawn","Lynch","OAK","RB",126.2,206.765,16.47675,64.9133333333333,66
"64","Chris","Hogan","NEP","WR",134.800235077542,178.3129,14.8226680472671,62.97,67
"65","Jordan","Reed","WAS","TE",66.8,159.295,14.7882118438019,88.515,68
"66","Dion","Lewis","TEN","RB",131.3088,177.8975,14.1765,68.85,69
"67","Jack","Doyle","IND","TE",108.058522586555,135.6466,13.8145835827612,115.761666666667,70
"68","Trey","Burton","CHI","TE",101.9088,146.115242104808,13.2753474562785,89.2383333333333,71
"69","Mark","Ingram","NOS","RB",117.373,171.886993294579,12.90525,57.7533333333333,72
"70","Tevin","Coleman","ATL","RB",135.44815,176.7945,11.71050989218,78.32,73
"71","Ben","Roethlisberger","PIT","QB",295.39,349.9058,11.4995333333333,94.7916666666667,74
"72","Michael","Crabtree","BAL","WR",80.825,177.034476112732,10.0416846277756,76.7983333333333,75
"73","Pierre","Garcon","SFO","WR",143.26,182.3,10.0021846277756,96.185,76
"74","Robby","Anderson","NYJ","WR",144.3474,176.229915000296,9.50663722248413,99.4833333333333,77
"75","Carlos","Hyde","CLE","RB",128.61,176.69025,9.23045585817025,79.9833333333333,78
"76","Jacksonville","Jaguars","JAC","DST",86.885,144.195,9.12666666666667,77.1133333333333,79
"77","Andrew","Luck","IND","QB",303.29,357.223,8.77103333333332,90.2083333333333,80
"78","Devin","Funchess","CAR","WR",134.578594460521,182.8375,8.48406066083342,94.8433333333333,81
"79","Robert","Woods","LAR","WR",111.95,176.3995,7.98393462777557,88.7533333333333,82
"80","Jamaal","Williams","GBP","RB",122.918,189.9517,7.6815,89.435,83
"81","Matthew","Stafford","DET","QB",310.027,359.13,6.7745833333334,88.8983333333333,84
"82","Marquise","Goodwin","SFO","WR",58.09,183.38218534652,6.67890458776145,77.5966666666667,85
"83","Corey","Davis","TEN","WR",136.5105,180.529136283851,6.58673447178285,76.475,86
"84","Tony","Romo","FA","QB",325.96,325.96,4.92933333333337,NA,87
"85","Philip","Rivers","LAC","QB",285.61,339.6073,4.23533333333336,110.673333333333,88
"86","Emmanuel","Sanders","DEN","WR",129.29,182.999185699418,3.60068462777556,81.08,89
"87","Carson","Wentz","PHI","QB",285.76058,365.412,3.58733333333333,75.0216666666667,90
"88","Jamison","Crowder","WAS","WR",129.639439528176,172.909606135001,2.56068462777557,102.526666666667,91
"89","Los Angeles","Rams","LAR","DST",88.61,134.3915,2.12916666666666,91.8033333333333,92
"90","George","Kittle","SFO","TE",100.131,135.459692378769,1.9444817599305,132.805,93
"91","Cooper","Kupp","LAR","WR",139.5489,167.20409928526,1.87991986494885,96.6433333333333,94
"92","Matt","Ryan","ATL","QB",301.142,349.45,1.81033333333335,110.595,95
"93","Duke","Johnson","CLE","RB",123.985,157.6515,1.161,107.413333333333,96
"94","Marlon","Mack","IND","RB",107.852200723961,172.53425,0.486500000000007,105.14,97
"95","Jared","Cook","OAK","TE",100.134,127.2595,-0.391236199778035,159.762,98
"96","Sammy","Watkins","KCC","WR",125.022153356847,160.573,-0.506926672030318,94.5566666666667,99
"97","Baltimore","Ravens","BAL","DST",86.21,130.7,-0.715833333333322,122.186666666667,100
"98","Alshon","Jeffery","PHI","WR",123,172.35,-1.3729931929185,81.365,101
"99","Philadelphia","Eagles","PHI","DST",87.965,132.66,-1.41333333333334,100.226666666667,102
"100","David","Njoku","CLE","TE",84.6664,135.86839497393,-1.55324556015245,114.928333333333,103
"101","Kerryon","Johnson","DET","RB",112.3025,180.769873465146,-1.64749999999998,85.2366666666667,104
"102","Rex","Burkhead","NEP","RB",76.3819689921555,175.434,-1.80967896289221,79.3816666666667,105
"103","Jordy","Nelson","OAK","WR",112.514598406624,188.59357846119,-1.82255376829212,102.251666666667,106
"104","Peyton","Barber","TBB","RB",88.81285,170.7948,-3.21850089071904,107.931666666667,107
"105","Los Angeles","Chargers","LAC","DST",83.995,129.7,-3.40583333333333,116.406666666667,108
"106","Darren","McFadden","FA","RB",134.5,134.5,-3.58349999999999,NA,109
"107","Nelson","Agholor","PHI","WR",134.889074936967,162.17007762002,-3.69281461807662,112.03,110
"108","Eric","Ebron","IND","TE",84.13335,130.62596275816,-4.46228565695536,162.371666666667,111
"109","Minnesota","Vikings","MIN","DST",88.975,122.659,-4.78083333333333,96.8766666666667,112
"110","Tyler","Eifert","CIN","TE",81.5,124.827988669659,-4.91224186494854,135.758333333333,113
"111","Chris","Thompson","WAS","RB",69.025,165.3,-4.96799999999996,92.5633333333333,114
"112","DeMarco","Murray","FA","RB",132.8,132.8,-5.28349999999998,104.135,115
"113","Jared","Goff","LAR","QB",299.308,334.04518,-5.39766666666662,120.616666666667,116
"114","Jimmy","Garoppolo","SFO","QB",292.4684,340.17464,-5.61066666666665,97.4316666666667,117
"115","Alex","Smith","WAS","QB",282.84,337.9727,-6.18606666666665,135.056666666667,118
"116","Isaiah","Crowell","NYJ","RB",103.844541366637,161.7425,-6.52549999999999,96.915,119
"117","Sterling","Shepard","NYG","WR",119.5925,157.484017392247,-6.55445851714444,114.243333333333,120
"118","C.J.","Spiller","FA","RB",17.81,244.79,-6.78349999999998,NA,121
"119","Cameron","Brate","TBB","TE",79.6761579538334,121.765,-6.88173619977803,161.042,122
"120","Charles","Clay","BUF","TE",69.255,113.4405,-7.39773619977804,165.19,123
"121","Kirk","Cousins","MIN","QB",160.46,344.773,-7.71866666666665,80.335,124
"122","Will","Fuller","HOU","WR",114.7711,197.711323381158,-7.89973547314958,87.8083333333333,125
"123","Vance","McDonald","PIT","TE",63.666,126.16501424491,-8.02998619977804,188.73,126
"124","Houston","Texans","HOU","DST",77.938,129.25,-8.31083333333333,118.168333333333,127
"125","Dez","Bryant","FA*","WR",125.7565,217.526104697568,-8.36879188438346,156.4125,128
"126","Denver","Broncos","DEN","DST",78.45,124.4385,-8.58833333333334,129.011666666667,129
"127","Ryan","Mathews","FA","RB",129.1,129.1,-8.98349999999996,NA,130
"128","Austin","Seferian-Jenkins","JAC","TE",81.3547768765133,123.96848062954,-9.20419087333832,145.954,131
"129","Carolina","Panthers","CAR","DST",85.98,129.22,-9.24833333333335,161.27,132
"130","Kenny","Stills","MIA","WR",105.851,162.716570483767,-11.0213153722244,122.83,133
"131","Pittsburgh","Steelers","PIT","DST",77.905,122.75,-11.2933333333333,156.768333333333,134
"132","Tarik","Cohen","CHI","RB",108.2385,155.399531271742,-11.3573485778548,100.386666666667,135
"133","Detroit","Lions","DET","DST",85.735,113.65,-11.4133333333333,191.264,136
"134","Randall","Cobb","GBP","WR",116.541071692968,186.9115,-11.4636623612218,107.775,137
"135","Chicago","Bears","CHI","DST",72.115,126.5,-11.5233333333333,165.241666666667,138
"136","Kelvin","Benjamin","BUF","WR",104.925,169.685637749488,-11.5393153722244,118.555,139
"137","O.J.","Howard","TBB","TE",83.01585,124.576987514621,-11.8668364641182,155.082,140
"138","Matt","Breida","SFO","RB",80.9235,152.951125535066,-12.2017949681216,135.231666666667,141
"139","New England","Patriots","NEP","DST",81.295,121.25,-12.3533333333333,150.205,142
"140","Ricky","Seals-Jones","ARI","TE",85.7648,129.877068234262,-12.3990933426352,150.695,143
"141","Seattle","Seahawks","SEA","DST",72.24,121.854,-12.5833333333333,171.1975,144
"142","DeVante","Parker","MIA","WR",113.701730037677,174.855,-13.5685812213994,129.066666666667,145
"143","Ben","Watson","NOS","TE",61.075,123.681683255749,-13.833736199778,167.81,146
"144","Sony","Michel","NEP","RB",73.34785,192.2685,-14.0616793444438,92.62,147
"145","New Orleans","Saints","NOS","DST",84.17,114.736,-14.3608333333333,149.826666666667,148
"146","Adrian","Peterson","WAS","RB",82.6,228.63307094554,-14.786,118.143333333333,149
"147","Arizona","Cardinals","ARI","DST",75.96,112.9875,-15.0508333333333,178.006666666667,150
"148","Julian","Edelman","NEP","WR",106.9181,171.206,-15.1995105092965,92.365,151
"149","Patrick","Mahomes","KCC","QB",279.83462,325.8448,-15.3711666666666,119.728333333333,152
"150","Washington","Redskins","WAS","DST",81.835,122.048,-15.7133333333333,269.75,153
"151","Austin","Hooper","ATL","TE",77.8346,116.746967142682,-15.9040827150482,166.526,154
"152","Hunter","Henry","LAC","TE",4.166,134.846,-16.191236199778,125.99,155
"153","Chris","Carson","SEA","RB",86.59,159.834,-16.5145,92.365,156
"154","DeSean","Jackson","TBB","WR",115.845010945546,153.6,-16.7465653722244,163.936,157
"155","Green Bay","Packers","GBP","DST",82.225,123.75,-16.7508333333333,197.6375,158
"156","Bilal","Powell","NYJ","RB",87.1,161.696,-16.8437273811955,143.001666666667,159
"157","Atlanta","Falcons","ATL","DST",73.62,114.55,-16.9483333333333,188.434,160
"158","Alfred","Morris","SFO","RB",64.82,178.06,-17.9067744824328,129.071666666667,161
"159","James","White","NEP","RB",105.2875,140.921,-18.2635,117.375,162
"160","Kansas City","Chiefs","KCC","DST",76.31,111.745,-18.5408333333333,170.382,163
"161","Kenny","Golladay","DET","WR",109.681,144.926048776696,-19.0663650616654,143.903333333333,164
"162","Marcus","Mariota","TEN","QB",282.27,322.7653,-19.0706666666667,138.248333333333,165
"163","Tampa Bay","Buccaneers","TBB","DST",72.3375,107,-19.1858333333333,264.885,166
"164","Keelan","Cole","JAC","WR",111.104544827104,159.581,-19.3291587198639,138.136666666667,167
"165","Buffalo","Bills","BUF","DST",76.555,108.1005,-19.9233333333333,215.54,168
"166","Mohamed","Sanu","ATL","WR",103.656,138.8455,-20.2128730645321,158.906666666667,169
"167","Cincinnati","Bengals","CIN","DST",72.035,123.9605,-20.2708333333333,218.28,170
"168","Tennessee","Titans","TEN","DST",79.8,116.8085,-20.3558333333333,179.04,171
"169","Dak","Prescott","DAL","QB",283.32304,331.3395,-20.8556666666667,137.055,172
"170","Giovani","Bernard","CIN","RB",100.1,161.2375,-21.0942372397812,143.663333333333,173
"171","Dallas","Cowboys","DAL","DST",73.84,114.7,-21.4258333333333,195.045,174
"172","Josh","Doctson","WAS","WR",106.49445,155.4,-21.8907881445017,147.646666666667,175
"173","Miami","Dolphins","MIA","DST",73.205,106.89925,-22.2308333333333,259.24,176
"174","Devontae","Booker","DEN","RB",96.3476,150.64,-22.628,139.501666666667,177
"175","Tyrell","Williams","LAC","WR",102.1905,142.5165,-23.1073344479192,180.5325,178
"176","Antonio","Gates","LAC","TE",61.3045,119.07,-23.2525066361444,186.93,179
"177","Rashaad","Penny","SEA","RB",73.3734,155.1425,-23.2562205989091,87.4933333333333,180
"178","Mike","Gesicki","MIA","TE",55.819124893918,114.490521705227,-23.5843974444739,165.412,181
"179","DeAngelo","Williams","FA","RB",113.9,113.9,-24.1835,NA,182
"180","Allen","Hurns","DAL","WR",107.24135,150.6335,-24.7184650418209,129.78,183
"181","New York","Giants","NYG","DST",70.405,99.287,-25.0633333333333,214.09,184
"182","Carson","Palmer","FA","QB",295.6,295.6,-25.4306666666666,NA,185
"183","Vernon","Davis","WAS","TE",55.077,133.425,-26.158736199778,213.306666666667,186
"184","San Francisco","49ers","SFO","DST",62.115,120.2,-26.2008333333333,216.51,187
"185","Ted","Ginn Jr.","NOS","WR",65.66,151.061,-26.950519473259,189.7875,188
"186","Rishard","Matthews","TEN","WR",87.4331,146.545,-27.4859876632005,165.163333333333,189
"187","Theo","Riddick","DET","RB",94.07265,132.5225,-27.956,138.05,190
"188","New York","Jets","NYJ","DST",57.795,107.5005,-28.7383333333333,256.735,191
"189","Blake","Bortles","JAC","QB",280.099666666667,307.037,-29.5051666666667,178.8025,192
"190","Hayden","Hurst","BAL","TE",62.5128485564304,120.387915289614,-30.7241756126008,177.003333333333,193
"191","Dede","Westbrook","JAC","WR",84.544,164.945455885333,-30.7548685965248,154.036,194
"192","Danny","Amendola","MIA","WR",84.4437350855957,185.3115,-31.2799937944365,177.932,195
"193","Derek","Carr","OAK","QB",266.26779,337.208,-31.4490666666666,136.636666666667,196
"194","Cleveland","Browns","CLE","DST",63.06,98.2585,-31.6633333333333,197.9275,197
"195","Cameron","Meredith","NOS","WR",94.63995,152.134739410787,-31.8370447110674,135.602,198
"196","Mike","Wallace","PHI","WR",82.079,161.368789522078,-32.5575653722244,210.746666666667,199
"197","Oakland","Raiders","OAK","DST",65.035,104.6875,-32.8233333333333,217.006666666667,200
"198","Paul","Richardson","WAS","WR",73.2456,148.467285928033,-33.2939458805253,166.595,201
"199","Andy","Dalton","CIN","QB",258.302,318.81,-33.5144166666666,167.336,202
"200","Tyler","Lockett","SEA","WR",93.0490418846559,145.86225724748,-33.9205954770827,151.741666666667,203
"201","C.J.","Anderson","CAR","RB",82.12,152.8955,-35.1835,121.345,204
"202","Calvin","Ridley","ATL","WR",70.207,159.218304355024,-35.5196240102232,132.235,205
"203","John","Ross","CIN","WR",91.4060820340195,125.847,-35.5287663188681,163.88,206
"204","Indianapolis","Colts","IND","DST",61.425,100.4405,-38.0383333333333,150.78,208
"205","Javorius","Allen","BAL","RB",74.2748,135.506,-38.1685,197.03,209
"206","D.J.","Moore","CAR","WR",62.5535,154.9,-38.5842926449517,134.163333333333,211
"207","John","Brown","BAL","WR",83.637,146.473150492324,-38.8477446395666,147.25,212
"208","Ryan","Griffin","HOU","TE",39.9773676132003,85.4453771297007,-38.8556333601771,259.265,213
"209","Corey","Clement","PHI","RB",87.80155,113.937629938851,-39.3283726348566,137.313333333333,214
"210","Mike","Williams","LAC","WR",56.701452833638,160.325204486207,-39.903468656896,130.226666666667,215
"211","Ty","Montgomery","GBP","RB",79.47,113.422,-39.9335,132.973333333333,216
"212","Luke","Willson","DET","TE",50.45511359447,101.758286562076,-42.2201357556965,269.14,217
"213","Case","Keenum","DEN","QB",261.72262,297.408,-42.8106666666666,174.164,218
"214","Eli","Manning","NYG","QB",249.7318,301.353,-43.6654166666667,158.038333333333,219
"215","Ronald","Jones","TBB","RB",66.2255,158.7455,-43.8600919368386,102.626666666667,220
"216","Blake","Jarwin","DAL","TE",4.564,98.239478013203,-43.8875615009829,150.83,221
"217","Austin","Ekeler","LAC","RB",78.0741,110.275,-44.1685,156.104,222
"218","Donte","Moncrief","JAC","WR",87.9657,127.462137649116,-44.5005427673764,214.426666666667,223
"219","Quincy","Enunwa","NYJ","WR",83.936,127.7012,-44.8574308737442,237.845,224
"220","Ryan","Grant","IND","WR",78.916,140.98205962133,-44.8698488530378,236.835,225
"221","Ryan","Grant","IND","WR",78.916,140.98205962133,-44.8698488530378,236.835,225
"222","Michael","Gallup","DAL","WR",61.15085,161.561436041887,-45.6361010865102,134.878333333333,226
"223","Chris","Godwin","TBB","WR",79.6856498277842,141.834016742323,-45.8610539043345,151.995,227
"224","Ryan","Tannehill","MIA","QB",245.343,300.203,-46.3208666666667,240.44,228
"225","Nick","Vannett","SEA","TE",43.6303715394567,107.961628825046,-46.4296644015892,271.505,229
"226","Nick","Chubb","CLE","RB",45.9782,129.275,-46.7135,125.735,230
"227","Tyler","Higbee","LAR","TE",49.983,80.3026292657704,-47.0294147210161,263.56,231
"228","Aaron","Jones","GBP","RB",68.96,138.294843274489,-47.1649263688425,120.798333333333,232
"229","Doug","Martin","OAK","RB",72.445,190.55,-47.17825,153.508333333333,233
"230","T.J.","Yeldon","JAC","RB",71.6656,115.5702,-48.1935,173.58,234
"231","Jermaine","Kearse","NYJ","WR",80.552,117.3054,-48.5543153722244,260.135,235
"232","Latavius","Murray","MIN","RB",62.9604127683012,142.6925,-49.1385,140.431666666667,236
"233","Christian","Kirk","ARI","WR",37.07745,133.706384564832,-49.8458285609837,193.2225,238
"234","Garrett","Celek","SFO","TE",40.8182,91.28,-50.006236199778,150.85,239
"235","Courtland","Sutton","DEN","WR",50.72305,133.699168918307,-50.290269917679,172.958333333333,240
"236","Mitchell","Trubisky","CHI","QB",218.01633,312.4092,-51.2431666666666,169.663333333333,241
"237","Dallas","Goedert","PHI","TE",40.6182,91.1392264983173,-51.3217200707458,251.46,242
"238","Jake","Butt","DEN","TE",10.988,95.0043592373755,-51.4742362340203,255.865,243
"239","Ed","Dickson","SEA","TE",25.8084,103.86,-51.966236199778,278.99,245
"240","James","Washington","PIT","WR",59.0563373719486,136.007955207491,-52.1566834989196,242.63,246
"241","Geronimo","Allison","GBP","WR",63.96275,146.838392346223,-52.4706688266659,188.1075,247
"242","Anthony","Miller","CHI","WR",54.8967,129.463092330036,-52.8377850691941,156.261666666667,248
"243","Shane","Vereen","NOS","RB",4.195,79.705,-53.1835,260.97,249
"244","Terrance","Williams","DAL","WR",77.8209619286531,117.452,-53.9273727098125,248.6,250
"245","Tyler","Kroft","CIN","TE",36.94215,95.7300654574568,-53.9428877252531,270.5,251
"246","Albert","Wilson","MIA","WR",61.813,140.713893469472,-54.3017587534605,253.13,252
"247","Jesse","James","PIT","TE",38.2792,80.2297298456261,-55.092711328423,134.48,253
"248","Frank","Gore","MIA","RB",58.35,149.8,-55.1163854092451,180.428,254
"249","Brandon","Marshall","SEA","WR",49.5104,178.49,-55.6369023287462,244.57,255
"250","Jordan","Wilkins","IND","RB",50.8042,121.720110020045,-56.5185,149.058333333333,256
"251","Darren","Sproles","PHI","RB",66.86,145.978743283183,-56.72975,216.316666666667,257
"252","Chris","Ivory","BUF","RB",53.8906,136.235,-57.5285,227.245,258
"253","Travis","Benjamin","LAC","WR",58.07525,105.3815,-58.2082658366207,254.93,259
"254","Jermaine","Gresham","ARI","TE",39.0105869971936,90.6535979887745,-58.3497043943524,150.49,260
"255","Jordan","Akins","HOU","TE",27.2754,94.5222796029204,-58.991236199778,263.15,261
"256","Taywan","Taylor","TEN","WR",40.9948,144.044886331801,-59.3900102206457,237.795,262
"257","Gerald","Everett","LAR","TE",25.1053525798526,82.5946753147322,-59.985784111326,274.51,263
"258","Spencer","Ware","KCC","RB",47.406,119.114,-60.14,178.786,264
"259","Martavis","Bryant","FA","WR",85.42,85.42,-60.8543153722244,174.9225,265
"260","Jaylen","Samuels","PIT","RB",23.3149,86.1439,-61.117986199778,150.97,266
"261","Jeff","Heuerman","DEN","TE",31.072,86.588,-61.876236199778,269.945,267
"262","Chris","Herndon","NYJ","TE",24.84185,76.6359036313895,-61.998523323734,150.99,268
"263","Nyheim","Hines","IND","RB",36.068,103.07,-62.0635,177.086666666667,269
"264","Jonnu","Smith","TEN","TE",31.824,63.7298195876289,-62.6317310451389,150.9,270
"265","LeGarrette","Blount","DET","RB",44.74,97.955,-62.846,143.805,271
"266","Jameis","Winston","TBB","QB",232.328,285.6616,-63.2121666666667,158.706,272
"267","Adam","Humphries","TBB","WR",53.0546,105.088,-64.1828153722244,150.96,274
"268","D'Onta","Foreman","HOU","RB",48.632,138.76,-64.9685,157.406,275
"269","J.J.","Nelson","ARI","WR",71.2924,103.272,-64.9819727701817,258.5,276
"270","Ronnie","Hillman","FA","RB",72.6,72.6,-65.4835,NA,277
"271","Zay","Jones","BUF","WR",51.2124,121.210309357634,-65.5597917078553,259.255,278
"272","Brandon","LaFell","OAK","WR",39.0869293139293,120.1274,-67.1936053930145,150.89,280
"273","Cole","Beasley","DAL","WR",48.263,92.9069696321642,-69.9592935587086,207.8,281
"274","Virgil","Green","LAC","TE",25.1526,58.876,-70.051236199778,268.88,282
"275","Terrelle","Pryor","NYJ","WR",32.4245,132.558547895454,-70.5165143858819,248.33,284
"276","Chester","Rogers","IND","WR",62.2604,112.658127316645,-70.6057330779284,150.97,285
"277","Marcedes","Lewis","GBP","TE",13.503,82.4799999999999,-70.798736199778,150.93,286
"278","Kenneth","Dixon","BAL","RB",37.675,91.24235,-71.2255,243.965,287
"279","Trent","Taylor","SFO","WR",56.7196,93.39,-71.4412322193444,262.11,288
"280","Seth","DeValve","CLE","TE",16.9760809284818,87.9070734002509,-71.7978146188496,150.99,289
"281","Seth","DeValve","CLE","TE",16.9760809284818,87.9070734002509,-71.7978146188496,150.99,289
"282","Rod","Smith","DAL","RB",45.804,92.2804,-71.8255,250.66,290
"283","Mark","Andrews","BAL","TE",8.2570396039604,66.8328217821782,-72.4774193680949,150.96,291
"284","Mark","Andrews","BAL","TE",8.2570396039604,66.8328217821782,-72.4774193680949,150.96,291
"285","Eddie","Lacy","FA","RB",8.42000000000001,153.59,-72.6585,150.89,292
"286","Phillip","Dorsett","NEP","WR",41.32,110.482,-72.9613378049263,299.87,293
"287","Nick","Boyle","BAL","TE",16.9091631663974,54.9156316639742,-73.5166966198103,150.96,294
"288","Nick","Boyle","BAL","TE",16.9091631663974,54.9156316639742,-73.5166966198103,150.96,294
"289","Antonio","Callaway","CLE","WR",19.9012,115.2407742322,-73.6561072530055,150.84,295
"290","A.J.","Derby","MIA","TE",8.94,69.76,-73.758236199778,150.96,296
"291","Taylor","Gabriel","CHI","WR",53.686,106.353912200195,-74.0764606585642,274.49,297
"292","Wayne","Gallman","NYG","RB",40.986,87.28,-74.0785,251.205,298
"293","Tre'Quan","Smith","NOS","WR",18.044,128.931513705015,-74.3009062813153,241.52,299
"294","Seth","Roberts","OAK","WR",59.8625,99.825,-74.3518153722244,150.97,300
"295","Joe","Flacco","BAL","QB",203.925,270.84,-74.5691666666666,246.09,301
"296","Tyler","Boyd","CIN","WR",56.02,101.9386,-74.7137146407401,261.715,302
"297","Willie","Snead","BAL","WR",32.4382,97.7644370860927,-75.3562011338138,263.6,304
"298","Josh","Hill","NOS","TE",23.5918516902944,46.0465478735005,-76.0896440514683,150.93,305
"299","Demetrius","Harris","KCC","TE",29.829,51.93,-76.092486199778,150.94,306
"300","Chad","Williams","ARI","WR",14.34265,95.6965,-76.7028153722244,150.95,308
"301","Adam","Shaheen","CHI","TE",21.32095,54.6305483028721,-76.743804737637,150.89,309
"302","Torrey","Smith","CAR","WR",42.189,145.33,-76.9493153722244,256.185,310
"303","Rhett","Ellison","NYG","TE",12.52,46.3856,-77.038736199778,150.97,311
"304","Jonathan","Stewart","NYG","RB",28.745,103.94,-77.1337753211953,242.105,312
"305","Kevin","White","CHI","WR",17.5245,119.11476847817,-77.6418153722244,253.15,313
"306","Dwayne","Allen","NEP","TE",13.5855,79.285,-78.037236199778,150.26,314
"307","Jordan","Leggett","NYJ","TE",3.556,67.3644444444444,-78.3588750886669,150.94,315
"308","Kyle","Juszczyk","SFO","RB",6.6493,78.14175,-79.235,150.81,317
"309","Ian","Thomas","CAR","TE",12.5594117647059,45.8077509803922,-79.9632705135035,150.9,318
"310","Chase","Edmonds","ARI","RB",18.7605,81.3035657836599,-80.0665,235.68,319
"311","Chase","Edmonds","ARI","RB",18.7605,81.3035657836599,-80.0665,235.68,319
"312","C.J.","Prosise","SEA","RB",21.51,90.9396672721595,-80.314,251.745,320
"313","Bruce","Ellington","HOU","WR",38.4216,103.080362012592,-80.558726197757,150.84,321
"314","Dion","Sims","CHI","TE",17.332,45.7432,-80.775236199778,150.97,322
"315","Will","Dissly","SEA","TE",16.0416888217523,53.56925,-80.970231668056,150.98,323
"316","Richard","Rodgers","PHI","TE",17.8385413669065,46.809082733813,-81.4969448328716,150.58,324
"317","Will","Tye","FA","TE",22.9515,31.6185,-82.336236199778,150.92,325
"318","Jeremy","Hill","NEP","RB",21.706,94.7,-82.7115,202.78,327
"319","Levine","Toilolo","DET","TE",7.13925,41.586,-83.4828725634144,150.95,328
"320","Samaje","Perine","WAS","RB",16.191,111.5045,-83.9135,169.703333333333,329
"321","Cordarrelle","Patterson","NEP","WR",45.35505,92.57,-84.0498535175125,256.995,330
"322","Darren","Fells","CLE","TE",10.9535,39.8065,-84.552736199778,150.98,332
"323","Darren","Fells","CLE","TE",10.9535,39.8065,-84.552736199778,150.98,332
"324","Rico","Gathers","DAL","TE",2.088,40.0499259414226,-84.6603177897362,150.58,333
"325","Jeremy","Kerley","BUF","WR",38.06,101.996,-85.4583153722244,150.99,334
"326","Geoff","Swaim","DAL","TE",4.5661,73.74585,-85.554012319181,150.92,335
"327","Lance","Kendricks","GBP","TE",10.9584,38.32,-85.710736199778,150.81,336
"328","Mychal","Rivera","FA","TE",14.165,33.335,-85.971236199778,NA,337
"329","Corey","Grant","JAC","RB",35.6308,73.1,-86.1335,258.665,338
"330","Jalen","Richard","OAK","RB",18.4292,81.92,-86.2735,256.5,339
"331","Niles","Paul","JAC","TE",8.3305,36.23155,-86.3849109718145,150.94,340
"332","David","Morgan","MIN","TE",4.99695,38.7636142857143,-86.4239147712066,NA,341
"333","Jaron","Brown","SEA","WR",42.2798,106.68,-87.1343153722244,268.835,342
"334","Dante","Pettis","SFO","WR",24.908,125.675785017902,-87.1932324845239,254.92,343
"335","Maxx","Williams","BAL","TE",5.03964285714286,46.6591392776531,-87.334490168032,150.91,344
"336","Troy","Fumagalli","DEN","TE",3.9025,45.63,-87.833736199778,150.96,345
"337","Dalton","Schultz","DAL","TE",12.5157509881423,82.9848797447899,-88.0008765159836,150.95,346
"338","Cody","Latimer","NYG","WR",30.5266,69.2833553191489,-88.2215420498022,150.94,347
"339","D.J.","Chark","JAC","WR",16.5232,112.788278025385,-88.6516010865101,150.88,348
"340","Alfred","Blue","HOU","RB",18.096,92.8728,-88.6585,257.435,349
"341","James","O'Shaughnessy","JAC","TE",8.60196721311475,29.8519715846995,-88.8773072380294,150.97,350
"342","Eric","Tomlinson","NYJ","TE",10.097886123348,62.8452511013216,-89.1370996359014,NA,351
"343","Phillip","Lindsay","DEN","RB",6.774,98.8696500168205,-89.2855,150.94,352
"344","Laquon","Treadwell","MIN","WR",32.24445,84.5726772853185,-89.6241020758255,150.81,353
"345","Rob","Kelley","WAS","RB",23.8253,72.3868573297727,-90.1019448885912,200.643333333333,354
"346","Tre","McBride","FA","WR",10.9339606741573,100.645252808989,-90.4847086306514,150.99,355
"347","Tre","McBride","FA","WR",10.9339606741573,100.645252808989,-90.4847086306514,150.99,355
"348","Rashad","Jennings","FA","RB",47.5,47.5,-90.5835,NA,356
"349","Logan","Thomas","BUF","TE",3.84,35.82,-90.900486199778,150.99,357
"350","Logan","Thomas","BUF","TE",3.84,35.82,-90.900486199778,150.99,357
"351","Chris","Conley","KCC","WR",24.0965,88.394668954975,-91.0136469453206,150.93,358
"352","Erik","Swoope","IND","TE",12.5397264770241,53.233697155361,-91.1473084098437,150.92,359
"353","Tavon","Austin","DAL","WR",32.628,62.703,-91.2975,263.105,360
"354","Curtis","Samuel","CAR","WR",14.232,117.309978307994,-91.5916416321714,150.86,361
"355","Durham","Smythe","MIA","TE",14.176,20.64,-92.301236199778,150.99,362
"356","Jerell","Adams","NYG","TE",2.8,26.2275,-92.371236199778,150.93,363
"357","James","Conner","PIT","RB",24.9908,73.1521873619732,-93.5738231471745,164.951666666667,364
"358","Ameer","Abdullah","DET","RB",4.692,92.924,-93.9485,251.125,365
"359","Michael","Roberts","DET","TE",3.05371428571429,28.7121142857143,-94.079736199778,150.98,366
"360","Jacob","Hollister","NEP","TE",4.0405,39.979,-94.2409714938957,150.96,367
"361","Jacob","Hollister","NEP","TE",4.0405,39.979,-94.2409714938957,150.96,367
"362","Kerwynn","Williams","FA","RB",38.646,51.057,-94.296,150.97,368
"363","Gavin","Escobar","FA","TE",1.536,42.81,-94.336236199778,150.96,369
"364","Gavin","Escobar","FA","TE",1.536,42.81,-94.336236199778,150.96,369
"365","MarQueis","Gray","MIA","TE",2.3952,40.9862553191489,-94.4994808806291,150.99,370
"366","Knile","Davis","FA","RB",43.4,43.4,-94.6835,NA,371
"367","Eric","Saubert","ATL","TE",2.268,30.8305,-95.008736199778,150.97,372
"368","Lee","Smith","OAK","TE",2.2764,69.764,-95.561986199778,229.24,373
"369","Tyrod","Taylor","CLE","QB",185.9988,275.70704,-95.6081666666666,186.24,374
"370","Jordan","Thomas","HOU","TE",5.79834645669291,24.1363543307087,-95.8258759635576,150.92,375
"371","Ryan","Izzo","NEP","TE",11.0575,15.6925,-96.246236199778,150.99,376
"372","Tyler","Conklin","MIN","TE",7.71562068965517,29.0478275862069,-96.5286499928815,150.99,377
"373","Ben","Koyack","FA","TE",1.284,17.725,-96.706236199778,150.98,378
"374","Ben","Koyack","FA","TE",1.284,17.725,-96.706236199778,150.98,378
"375","Troy","Niklas","FA","TE",9.494,16.226,-96.861236199778,150.99,379
"376","Troy","Niklas","FA","TE",9.494,16.226,-96.861236199778,150.99,379
"377","Neal","Sterling","NYJ","TE",2.046,73.6855554448778,-96.932736199778,150.98,380
"378","Neal","Sterling","NYJ","TE",2.046,73.6855554448778,-96.932736199778,150.98,380
"379","Neal","Sterling","NYJ","TE",2.046,73.6855554448778,-96.932736199778,150.98,380
"380","Derek","Carrier","OAK","TE",6.04,22.83125,-97.113736199778,150.97,381
"381","C.J.","Uzomah","CIN","TE",2.884,27.1594092643052,-97.1252484613584,NA,382
"382","Danny","Woodhead","FA","RB",40.4,40.4,-97.6835,NA,383
"383","Jeremy","Sprinkle","WAS","TE",5.2711,18.7586,-99.421486199778,150.97,384
"384","Khari","Lee","BUF","TE",1.425,28.87675,-99.726236199778,NA,386
"385","Brandon","Williams","FA","TE",9.8,9.8,-99.821236199778,NA,387
"386","T.J.","Jones","DET","WR",30.762,74.75865,-100.114276910686,150.97,388
"387","Alan","Cross","TBB","TE",1.1725,14.576,-100.2832483949,NA,389
"388","Tavon","Austin","DAL","WR",12.9765809876888,118.9575,-100.500815372224,263.105,390
"389","Harry","Douglas","FA","WR",13.92,77.28,-100.774315372224,NA,391
"390","Daniel","Brown","CHI","TE",0.678,19.432,-100.789736199778,150.97,392
"391","Logan","Paulsen","ATL","TE",0.08925,17.4675,-100.967486199778,150.97,393
"392","Mike","Tolbert","FA","RB",29.545,46.555,-101.0335,150.98,394
"393","Jacquizz","Rodgers","TBB","RB",18.4228,74.54,-101.229,150.83,395
"394","Xavier","Grimble","PIT","TE",4.6577,14.0424,-101.267301773549,150.98,396
"395","Xavier","Grimble","PIT","TE",4.6577,14.0424,-101.267301773549,150.98,396
"396","Elijhaa","Penny","FA","RB",36.6,36.6,-101.4835,150.98,398
"397","Elijah","McGuire","NYJ","RB",20.93825,73.98,-101.5185,261.03,399
"398","Bucky","Hodges","FA","TE",6.75,9.45,-101.521236199778,150.95,400
"399","Orleans","Darkwa","FA","RB",17.355,56.145,-101.5335,150.95,401
"400","Malcolm","Mitchell","FA","WR",44.74,44.74,-101.534315372224,150.91,402
"401","Mike","Gillislee","NOS","RB",22.5185,72.4174484699486,-101.5685,257.255,403
"402","Luke","Stocker","TEN","TE",1.092,50.39,-101.840486199778,150.98,404
"403","J.D.","McKissic","SEA","RB",18.5226,76.97,-102.0795,260.08,406
"404","J.D.","McKissic","SEA","RB",18.5226,76.97,-102.0795,260.08,406
"405","Kalen","Ballage","MIA","RB",12.9465,88.8505818934385,-102.12,236.315,407
"406","Markus","Wheaton","FA","WR",14.87,86.24,-102.149315372224,150.95,408
"407","Mason","Schreck","CIN","TE",0.730000000000001,7.3,-102.321236199778,NA,409
"408","Gabe","Holmes","ARI","TE",0.37,11.1658,-102.371705979998,NA,410
"409","Mack","Hollins","PHI","WR",28.58795,67.849,-102.457249582751,150.96,411
"410","Antony","Auclair","TBB","TE",0.873,11.3928708860759,-102.673856452943,150.99,412
"411","Chris","Manhertz","CAR","TE",0.972,8.9694,-102.781390045932,150.96,413
"412","Robert","Turbin","IND","RB",18.17,64.79,-103.1335,150.92,414
"413","John","Kelly","LAR","RB",4.109,62.93,-103.35475,217.863333333333,416
"414","Mo","Alie-Cox","FA","TE",0.3065,5.8235,-103.491236199778,NA,417
"415","Phillip","Supernaw","FA","TE",5.8,5.8,-103.821236199778,151,418
"416","Malcolm","Brown","LAR","RB",19.888,47.22,-103.9675,250.49,419
"417","Darrell","Daniels","SEA","TE",0.516,10.2322,-103.969440745233,151,420
"418","Sean","Culkin","LAC","TE",0.0028,11.2363063829787,-104.020220242331,151,421
"419","Brandon","Coleman","FA","WR",42.06,42.06,-104.214315372224,150.96,422
"420","Brandon","Coleman","FA","WR",42.06,42.06,-104.214315372224,150.96,422
"421","Boston","Scott","NOS","RB",12.51855,66.5605,-104.406,251.055,423
"422","Boston","Scott","NOS","RB",12.51855,66.5605,-104.406,251.055,423
"423","Orson","Charles","CLE","TE",0.188,8.14,-104.691236199778,NA,424
"424","Ben","Braunecker","CHI","TE",0.36,11.0139692307692,-104.918120815163,NA,425
"425","Matt","LaCosse","DEN","TE",0.042,7.08,-105.501236199778,NA,427
"426","Tim","Wright","FA","TE",0.195,3.705,-105.721236199778,150.98,428
"427","Tim","Wright","FA","TE",0.195,3.705,-105.721236199778,150.98,428
"428","Bennie","Fowler","FA","WR",40.28,40.28,-105.994315372224,150.98,429
"429","Bennie","Fowler","FA","WR",40.28,40.28,-105.994315372224,150.98,429
"430","John","Phillips","FA","TE",2.65,2.65,-106.971236199778,150.99,430
"431","Colin","Kaepernick","FA*","QB",213.84,213.84,-107.190666666667,150.9,431
"432","Ifeanyi","Momah","ARI","TE",1.95,1.95,-107.671236199778,NA,432
"433","Randall","Telfer","FA","TE",1.69,1.69,-107.931236199778,NA,433
"434","Benny","Cunningham","CHI","RB",11.218,49.166,-108.105,150.95,434
"435","DeAndre","Washington","OAK","RB",8.11,73.968,-108.50625,259.77,436
"436","Keke","Coutee","HOU","WR",12.933,50.5500287769784,-108.71843407726,150.97,437
"437","Chris","Moore","BAL","WR",16.83595,63.855410879955,-108.831234264549,150.98,438
"438","Chris","Moore","BAL","WR",16.83595,63.855410879955,-108.831234264549,150.98,438
"439","Justin","Hardy","ATL","WR",18.7205,68.7367,-108.937454173486,150.91,439
"440","Rashard","Higgins","CLE","WR",14.532277693475,98.8744009177667,-108.980133554043,150.91,440
"441","Dan","Arnold","NOS","TE",-0.836,-0.044,-109.201236199778,150.99,441
"442","Blake","Bell","FA","TE",0.38,0.38,-109.241236199778,150.94,442
"443","Jace","Amaro","FA","TE",0.00800000000000001,0.152,-109.461236199778,150.99,443
"444","Jace","Amaro","FA","TE",0.00800000000000001,0.152,-109.461236199778,150.99,443
"445","Clark","Harris","CIN","TE",0.1,0.1,-109.521236199778,150.99,444
"446","Tyrone","Swoopes","FA","TE",0.1,0.1,-109.521236199778,150.98,444
"447","Cole","Wick","SFO","TE",0.0031,0.0540433962264151,-109.577434312986,NA,446
"448","Henry","Krieger-Coble","FA","TE",0.035,0.035,-109.586236199778,NA,447
"449","Zach","Miller","CHI","TE",0,0,-109.621236199778,150.92,448
"450","Michael","Hoomanawanui","NOS","TE",0,0,-109.621236199778,150.96,448
"451","Michael","Hoomanawanui","NOS","TE",0,0,-109.621236199778,150.96,448
"452","Ross","Travis","IND","TE",0,0,-109.621236199778,NA,448
"453","Cethan","Carter","CIN","TE",0,0,-109.621236199778,150.99,448
"454","Robert","Tonyan","GBP","TE",0,0,-109.621236199778,150.99,448
"455","Robert","Tonyan","GBP","TE",0,0,-109.621236199778,150.99,448
"456","Shane","Smith","NYG","RB",0,0,-109.621236199778,150.99,448
"457","Austin","Roberts","LAC","TE",0,0,-109.621236199778,NA,448
"458","Cole","Hunt","FA","TE",0,0,-109.621236199778,150.99,448
"459","Ryan","Hewitt","FA","RB",-0.038,-0.002,-109.641236199778,150.99,449
"460","Ryan","Hewitt","FA","RB",-0.038,-0.002,-109.641236199778,150.99,449
"461","Hakeem","Valles","DET","TE",-0.19,-0.01,-109.721236199778,NA,450
"462","Jason","Croom","BUF","TE",-0.19,-0.01,-109.721236199778,150.99,450
"463","Mike","Davis","SEA","RB",8.0206,55.523,-110.47725,150.91,451
"464","Andre","Holmes","BUF","WR",23.0077,56.467,-110.613565372224,150.98,452
"465","Mark","Walton","CIN","RB",3.15,59.4538,-110.8165,150.98,453
"466","Seth","DeValve","CLE","TE",29.26535,39.80165,-111.660815372224,150.99,454
"467","Seth","DeValve","CLE","TE",29.26535,39.80165,-111.660815372224,150.99,454
"468","Andre","Ellington","FA","RB",14.675,34.025,-113.7335,150.98,455
"469","Andre","Ellington","FA","RB",14.675,34.025,-113.7335,150.98,455
"470","DaeSean","Hamilton","DEN","WR",20.346,40.1416,-114.070437881017,150.95,456
"471","Shaun","Draughn","FA","RB",23.6,23.6,-114.4835,NA,457
"472","Lance","Dunbar","FA","RB",9.075,37.425,-114.8335,NA,458
"473","Tajae","Sharpe","TEN","WR",4.7775,59.28095,-115.158342145017,150.94,459
"474","Damien","Williams","KCC","RB",7.38105,47.66095,-115.50375,NA,460
"475","Jakeem","Grant","MIA","WR",12.90445,49.8064973684211,-115.878565372224,150.94,461
"476","Marquez","Valdes-Scantling","GBP","WR",13.9886970954357,104.745283229639,-116.361426483336,150.95,462
"477","Christine","Michael","IND","RB",5.72835,62.5133,-117.19325,257.16,464
"478","Aaron","Ripkowski","FA","RB",20.89,20.89,-117.1935,150.94,465
"479","Deonte","Thompson","DAL","WR",10.2685,49.8615,-117.292315372224,150.95,466
"480","J'Mon","Moore","GBP","WR",24.237,36.0375,-117.714315372224,150.86,468
"481","Jaylen","Samuels","PIT","RB",10.246,76.238,-117.936,150.97,469
"482","Josh","Reynolds","LAR","WR",14.23215,49.0922889430534,-118.114539668701,150.99,470
"483","Josh","Reynolds","LAR","WR",14.23215,49.0922889430534,-118.114539668701,150.99,470
"484","Ito","Smith","ATL","RB",6.53,75.4125,-118.1565,150.96,471
"485","David","Moore","SEA","WR",0.358,31.5002,-118.782065372224,150.96,472
"486","Trenton","Cannon","NYJ","RB",1.89,45.6119,-118.88725,150.99,473
"487","Charcandrick","West","FA","RB",19.1,19.1,-118.9835,150.92,474
"488","Marcus","Murphy","BUF","RB",9.28635,57.5475,-119.0395,371.08,475
"489","Cameron","Artis-Payne","CAR","RB",7.36205,42.66905,-119.1215,150.91,476
"490","Ricardo","Louis","CLE","WR",26.8,26.8,-119.474315372224,150.98,477
"491","Ricardo","Louis","CLE","WR",26.8,26.8,-119.474315372224,150.98,477
"492","Kenjon","Barner","FA","RB",4.6585,32.1715,-119.6685,150.99,478
"493","Tavarres","King","MIN","WR",25.41,25.41,-120.864315372224,150.98,479
"494","Wendell","Smallwood","PHI","RB",1.4176,44.9,-121.4945,254.21,480
"495","Raheem","Mostert","SFO","RB",2.1557,48.836,-121.679,NA,481
"496","Brandon","Zylstra","MIN","WR",0.4134,39.2548,-121.892065372224,150.98,482
"497","Josh","Bellamy","CHI","WR",6.02655,51.7775,-121.905065372224,150.98,483
"498","Sam","Darnold","NYJ","QB",88.227,259.8675,-122.081666666667,201.2325,484
"499","Equanimeous","St. Brown","GBP","WR",10.7824750830565,44.8825,-122.092365206111,150.9,485
"500","Russell","Shepard","NYG","WR",16.115,32.275,-122.195815372224,150.91,486
"501","Eli","Rogers","PIT","WR",19.1795789473684,31.6268,-122.254710109067,150.94,487
"502","Kapri","Bibbs","FA","RB",12.336,18.744,-122.5435,150.97,488
"503","Jarius","Wright","CAR","WR",11.631,78.88,-123.000065372224,150.95,489
"504","James","Starks","FA","RB",14.7,14.7,-123.3835,NA,490
"505","Tyler","Ervin","HOU","RB",0.57,48.6776,-123.9695,150.95,491
"506","Demarcus","Robinson","KCC","WR",3.661,34.6496,-124.186962028759,150.98,492
"507","J.D.","McKissic","SEA","RB",7.50177146756246,43.5351,-124.189073297902,260.08,493
"508","J.D.","McKissic","SEA","RB",7.50177146756246,43.5351,-124.189073297902,260.08,493
"509","Jordan","Lasley","BAL","WR",10.1231016042781,70.3796,-124.402626869551,150.99,494
"510","Dwayne","Washington","FA","RB",12.98,12.98,-125.1035,NA,495
"511","Dan","Arnold","NOS","TE",1.04675,19.88825,-125.249315372224,150.99,496
"512","Detrez","Newsome","LAC","RB",0.303,20.6484,-125.2655,150.99,497
"513","Kendrick","Bourne","SFO","WR",2.484,45.3433,-125.66303877648,NA,498
"514","T.J.","Logan","ARI","RB",1.375,19.936,-125.7345,150.95,499
"515","Sammie","Coates","HOU","WR",2.26,49.3729885057471,-125.764283763029,150.95,500
"516","Mike","Boone","MIN","RB",0.211,19.1533,-126.275,150.97,501
"517","Trent","Sherfield","ARI","WR",0.266,33.5246,-126.467315372224,NA,502
"518","Matthew","Dayes","FA","RB",1.431,37.611,-126.5285,150.99,503
"519","De'Anthony","Thomas","KCC","WR",9.3995,13.4405,-126.5735,150.94,504
"520","Robert","Foster","BUF","WR",0.1935,28.7498,-126.636065372224,150.98,505
"521","Andy","Janovich","DEN","RB",1.55,15.1635,-126.718,150.98,506
"522","Patrick","DiMarco","BUF","RB",1.1,16.41075,-126.9455,150.98,508
"523","Patrick","DiMarco","BUF","RB",1.1,16.41075,-126.9455,150.98,508
"524","Paul","Perkins","NYG","RB",0.69,17.6445,-127.791,NA,509
"525","Justin","Hunter","PIT","WR",9.3035,62.13,-127.807065372224,150.96,510
"526","Tyler","Ervin","HOU","RB",18.36,18.36,-127.914315372224,150.95,511
"527","Amara","Darboh","NEP","WR",6.29705,27.79405,-128.306815372224,150.93,512
"528","Anthony","Sherman","KCC","RB",2.646,12.3152,-128.312,150.95,513
"529","Carlos","Henderson","FA","WR",17.74,17.74,-128.534315372224,150.97,514
"530","Stevan","Ridley","PIT","RB",3.635,127.8841,-128.6425,150.92,515
"531","Hunter","Sharp","NYG","WR",0.312,44.38025,-128.768815372224,150.99,516
"532","Hunter","Sharp","NYG","WR",0.312,44.38025,-128.768815372224,150.99,516
"533","Damiere","Byrd","CAR","WR",2.296,27.03425,-128.936815372224,150.98,517
"534","Damiere","Byrd","CAR","WR",2.296,27.03425,-128.936815372224,150.98,517
"535","Damiere","Byrd","CAR","WR",2.296,27.03425,-128.936815372224,150.98,517
"536","Jamize","Olawale","DAL","RB",1.8165,12.2,-128.973,150.98,518
"537","Jamize","Olawale","DAL","RB",1.8165,12.2,-128.973,150.98,518
"538","Derek","Watt","LAC","RB",0.93,13.6882,-129.3425,150.93,519
"539","Chad","Hansen","NEP","WR",7.1315,30.69675,-129.497315372224,150.99,520
"540","Chad","Hansen","NEP","WR",7.1315,30.69675,-129.497315372224,150.99,520
"541","Zach","Line","NOS","RB",1.48,10.063,-129.55225,150.99,521
"542","Zach","Pascal","IND","WR",0.0795,28.9925,-129.609315372224,150.99,522
"543","Zach","Pascal","IND","WR",0.0795,28.9925,-129.609315372224,150.99,522
"544","Devante","Mays","FA","RB",2.9775,13.3725,-129.9085,150.95,523
"545","Mark","Thompson","FA","RB",8.1,8.1,-129.9835,150.99,524
"546","Josh","Malone","CIN","WR",2.63626728110599,31.3648,-130.096036570381,150.99,525
"547","Josh","Malone","CIN","WR",2.63626728110599,31.3648,-130.096036570381,150.99,525
"548","Roosevelt","Nix","PIT","RB",1.1,13.8885,-130.236,NA,526
"549","Branden","Oliver","FA","RB",7.8,7.8,-130.2835,NA,527
"550","David","Williams","FA","RB",7.8,7.8,-130.2835,150.97,527
"551","Keith","Smith","OAK","RB",0.7,10.0275,-130.35,NA,528
"552","Darrius","Heyward-Bey","PIT","WR",5.72894285714286,88.0432,-130.527529657939,150.91,529
"553","Thomas","Rawls","FA","RB",6.99,6.99,-131.0935,150.81,530
"554","Justin","Davis","LAR","RB",0.0175,11.5775,-131.264,150.98,531
"555","James","Develin","NEP","RB",0.88725,9.615,-131.299,150.97,532
"556","Gus","Edwards","FA","RB",0.990000000000001,8.1,-131.3085,150.99,533
"557","Andre","Williams","FA","RB",6.772,6.772,-131.3115,150.99,534
"558","Keith","Marshall","FA","RB",6.748,6.748,-131.3355,150.98,535
"559","Michael","Burton","CHI","RB",0.475,12.018,-131.3865,NA,536
"560","Auden","Tate","CIN","WR",3.91042857142857,31.8236,-131.716993943653,150.96,537
"561","Charone","Peake","NYJ","WR",9.3825,25.5225,-132.009315372224,150.99,538
"562","Charone","Peake","NYJ","WR",9.3825,25.5225,-132.009315372224,150.99,538
"563","Charone","Peake","NYJ","WR",9.3825,25.5225,-132.009315372224,150.99,538
"564","Brandon","Wilds","FA","RB",5.85,5.85,-132.2335,NA,539
"565","Michael","Clark","FA","WR",14,14,-132.274315372224,150.98,540
"566","Pharoh","Cooper","LAR","WR",5.5145,32.5673,-132.437315372224,150.91,541
"567","Byron","Marshall","WAS","RB",0.375,8.729,-132.47975,150.96,542
"568","Byron","Marshall","WAS","RB",0.375,8.729,-132.47975,150.96,542
"569","Travis","Rudolph","FA","WR",12.8525,14.6975,-132.599315372224,150.98,543
"570","Mack","Brown","FA","RB",2.51625,8.11875,-132.766,150.98,544
"571","Stacy","Coley","MIN","WR",2.07625,22.75,-132.766815372224,150.99,545
"572","Stacy","Coley","MIN","WR",2.07625,22.75,-132.766815372224,150.99,545
"573","Trey","Quinn","WAS","WR",4.779,29.6364,-132.820529657939,150.98,546
"574","Alex","Erickson","CIN","WR",6.6465,25.56,-132.873065372224,150.98,547
"575","David","Fluellen","TEN","RB",0.105,10.1433,-132.909,NA,548
"576","Alexander","Armah","CAR","RB",0.2352,7.7686,-133.41025,150.99,549
"577","Sam","Bradford","ARI","QB",120.841,290.354,-133.425066666667,254.37,550
"578","Cody","Core","CIN","WR",1.36,18.752,-133.576815372224,150.99,551
"579","Cody","Core","CIN","WR",1.36,18.752,-133.576815372224,150.99,551
"580","De'Anthony","Thomas","KCC","WR",8.4845,24.64,-133.599315372224,150.94,552
"581","ArDarius","Stewart","NYJ","WR",5.87,31.1579,-133.745815372224,150.94,553
"582","Tommylee","Lewis","NOS","WR",7.74167729083665,26.03,-133.805446846328,150.97,554
"583","Taiwan","Jones","BUF","RB",0.33,5.5925,-133.8265,150.98,555
"584","Kaelin","Clay","NYG","WR",4.852,20.9644,-133.833065372224,150.98,556
"585","Kaelin","Clay","NYG","WR",4.852,20.9644,-133.833065372224,150.98,556
"586","Kaelin","Clay","NYG","WR",4.852,20.9644,-133.833065372224,150.98,556
"587","Shane","Smith","NYG","RB",0.68,4.3556,-133.86925,150.99,557
"588","Trevor","Davis","GBP","WR",7.06242769857434,34.2819,-133.924315372224,150.95,558
"589","Jalston","Fowler","FA","RB",4.1,4.1,-133.9835,150.98,559
"590","Tion","Green","FA","RB",4.1,4.1,-133.9835,150.99,559
"591","Bronson","Hill","FA","RB",4.066,4.066,-134.0175,NA,561
"592","Damion","Ratley","CLE","WR",0.7416,24.7396,-134.112315372224,150.99,562
"593","Jay","Prosch","FA","RB",3.9,3.9,-134.1835,NA,563
"594","Charles","Sims","FA","RB",3.83,3.83,-134.2535,150.94,564
"595","Ray-Ray","McCloud","BUF","WR",6.531,19.3945,-134.626815372224,150.97,567
"596","Derrick","Coleman","ARI","RB",0.245,6.1455,-134.661,150.99,568
"597","Richie","James","SFO","WR",2.279,36.625,-134.786815372224,150.98,569
"598","Russell","Gage","ATL","WR",1.915,25.59825,-134.975648705558,150.99,570
"599","Daniel","Lasco","FA","RB",0.145,2.755,-134.9835,NA,571
"600","Troymaine","Pope","HOU","RB",1.0524,5.0556,-135.0295,NA,572
"601","Fitzgerald","Toussaint","FA","RB",3,3,-135.0835,NA,573
"602","Marquez","Williams","FA","RB",2.18995,3.80905,-135.084,150.99,574
"603","Johnny","Holton","OAK","WR",10.833,65.18965,-135.084565372224,150.99,575
"604","Johnny","Holton","OAK","WR",10.833,65.18965,-135.084565372224,150.99,575
"605","Dwayne","Harris","OAK","WR",1.6569,47.073,-135.123315372224,150.95,576
"606","Brandon","Bolden","FA","RB",0.19,3.691,-135.1885,150.93,577
"607","Brandon","Bolden","FA","RB",0.19,3.691,-135.1885,150.93,577
"608","Marcus","Johnson","IND","WR",1.224,19.622,-135.276907964817,150.99,578
"609","Marcus","Johnson","IND","WR",1.224,19.622,-135.276907964817,150.99,578
"610","Nick","Williams","FA","WR",10.9,10.9,-135.374315372224,150.94,579
"611","Tommy","Bohanon","JAC","RB",0.1028,4.252,-135.396,150.98,580
"612","Tommy","Bohanon","JAC","RB",0.1028,4.252,-135.396,150.98,580
"613","C.J.","Ham","MIN","RB",0.275,5.2155,-135.4515,150.97,581
"614","Trey","Edmunds","FA","RB",0.278,4.49,-135.6035,150.98,582
"615","Senorise","Perry","MIA","RB",0.009,8.672,-135.7085,NA,583
"616","Ryan","Switzer","PIT","WR",4.7155,16.152,-135.775815372224,150.9,584
"617","Robert","Martin","NYG","RB",0.1135,2.1565,-135.8135,NA,585
"618","Freddie","Martino","TBB","WR",0.528,21.3914,-135.905815372224,151,586
"619","Ed","Eagan","FA","WR",10.3,10.3,-135.974315372224,NA,587
"620","Justin","Watson","TBB","WR",3.09,18.97225,-136.021051610757,NA,588
"621","Tre","Madden","SEA","RB",0.1389,2.6816,-136.2405,150.98,589
"622","Reggie","Davis","FA","WR",10,10,-136.274315372224,150.98,590
"623","Marvin","Hall","ATL","WR",2.25605042016807,16.8957,-136.561231338611,150.98,591
"624","Kamar","Aiken","FA","WR",9.7,9.7,-136.574315372224,NA,592
"625","Brian","Hill","FA","RB",0.0740000000000001,1.406,-136.6035,150.98,593
"626","Janarion","Grant","BAL","WR",0.196,15.7093,-136.675815372224,150.99,594
"627","Jordan","Taylor","DEN","WR",1.08,24.8282,-136.688565372224,150.97,595
"628","Byron","Marshall","WAS","RB",7.3038,11.3322,-136.906315372224,150.96,596
"629","Byron","Marshall","WAS","RB",7.3038,11.3322,-136.906315372224,150.96,596
"630","Javon","Wims","CHI","WR",8.415,14.8005,-136.921815372224,150.92,597
"631","Mike","Thomas","LAR","WR",0.805,12.07675,-136.939315372224,150.97,598
"632","Roc","Thomas","MIN","RB",0.0760000000000001,1.39,-136.9735,150.98,599
"633","Maurice","Harris","WAS","WR",0.693,13.9391,-137.005682278699,150.99,600
"634","Maurice","Harris","WAS","WR",0.693,13.9391,-137.005682278699,150.99,600
"635","Chris","Thompson","FA","WR",6.32225,12.12275,-137.147815372224,NA,601
"636","De'Angelo","Henderson","FA","RB",0.75,0.75,-137.3335,150.9,602
"637","Jaydon","Mickens","JAC","WR",0.9575,12.896,-137.479315372224,150.99,603
"638","Jaydon","Mickens","JAC","WR",0.9575,12.896,-137.479315372224,150.99,603
"639","Nick","Bawden","DET","RB",0.03,0.57,-137.4835,150.99,604
"640","Isaiah","McKenzie","FA","WR",-1.35,22.43525,-137.493815372224,150.97,605
"641","Geremy","Davis","LAC","WR",-0.1008,11.5393864864865,-137.555599156008,150.99,606
"642","Geremy","Davis","LAC","WR",-0.1008,11.5393864864865,-137.555599156008,150.99,606
"643","Jeremy","Langford","FA","RB",0.48,0.48,-137.6035,NA,607
"644","Justin","Jackson","FA","RB",0.36,0.36,-137.7235,150.97,608
"645","Taquan","Mizzell","FA","RB",0.32,0.32,-137.7635,150.99,609
"646","Darrel","Williams","KCC","RB",0.013,0.247,-137.8235,150.98,610
"647","Terrence","Magee","FA","RB",0.17,0.17,-137.9135,NA,611
"648","Joe","Kerridge","FA","RB",0.1081,0.1099,-137.9745,NA,612
"649","Shelton","Gibson","PHI","WR",5.3324,10.142,-137.986934016292,150.96,613
"650","Shaun","Wilson","TBB","RB",0.0045,0.0855,-137.9935,150.95,614
"651","Akrum","Wadley","FA","RB",0.05,0.05,-138.0335,150.98,615
"652","Joel","Bouagnon","FA","RB",0.03,0.03,-138.0535,150.98,616
"653","Dan","Vitale","CLE","RB",0.000600000000000001,0.0114,-138.0715,NA,617
"654","Fozzy","Whittaker","CAR","RB",0,0,-138.0835,150.98,618
"655","Fozzy","Whittaker","CAR","RB",0,0,-138.0835,150.98,618
"656","Jerick","McKinnon","SFO","RB",0,0,-138.0835,60.0816666666667,618
"657","Zach","Zenner","DET","RB",0,0,-138.0835,NA,618
"658","Josh","Ferguson","IND","RB",0,0,-138.0835,150.98,618
"659","D.J.","Foster","ARI","RB",0,0,-138.0835,150.98,618
"660","Lawrence","Thomas","NYJ","RB",0,0,-138.0835,NA,618
"661","Tra","Carson","CIN","RB",0,0,-138.0835,NA,618
"662","Elijah","Hood","CAR","RB",0,0,-138.0835,NA,618
"663","Derrius","Guice","WAS","RB",0,0,-138.0835,122.846666666667,618
"664","Chris","Warren","OAK","RB",0,0,-138.0835,150.87,618
"665","Cedrick","Wilson","DAL","WR",5.41,14.77,-138.174315372224,150.95,619
"666","Darius","Jackson","GBP","RB",-0.17575,-0.00925000000000001,-138.2685,NA,620
"667","Shane","Wynn","FA","WR",0.375,7.125,-138.674315372224,150.99,621
"668","Shane","Wynn","FA","WR",0.375,7.125,-138.674315372224,150.99,621
"669","Tanner","McEvoy","MIA","WR",0.956999999999999,8.41735,-138.809815372224,150.98,622
"670","Chris","Matthews","FA","WR",7.1,7.1,-139.174315372224,NA,623
"671","Austin","Carr","NOS","WR",0.148,11.1261818181818,-139.837133554043,150.98,625
"672","Noah","Brown","DAL","WR",0.72,7.21795,-140.097565372224,150.95,626
"673","Brittan","Golden","ARI","WR",5.387,6.953,-140.104315372224,NA,627
"674","Victor","Bolden","SFO","WR",0.438,9.6802,-140.184065372224,150.98,628
"675","Daurice","Fountain","FA","WR",0.640500000000001,10.5495,-140.679315372224,150.98,629
"676","Corey","Brown","FA","WR",5.4,5.4,-140.874315372224,150.98,630
"677","Matt","Slater","NEP","WR",0.011,11.472,-140.929065372224,150.96,631
"678","Jaleel","Scott","BAL","WR",0.522500000000001,9.9275,-141.024315372224,150.99,632
"679","Brandon","Tate","FA","WR",4.48,4.48,-141.794315372224,150.99,634
"680","Andre","Roberts","NYJ","WR",0.19325,85.185,-142.064315372224,150.97,635
"681","Jeff","Janis","FA","WR",3.9,3.9,-142.374315372224,150.99,636
"682","Jeff","Janis","FA","WR",3.9,3.9,-142.374315372224,150.99,636
"683","Arrelious","Benn","FA","WR",3.7,3.7,-142.574315372224,150.99,637
"684","Kalif","Raymond","FA","WR",3,3,-143.274315372224,150.99,638
"685","Kalif","Raymond","FA","WR",3,3,-143.274315372224,150.99,638
"686","Riley","McCarron","FA","WR",1.67,1.67,-144.604315372224,150.99,639
"687","Riley","McCarron","FA","WR",1.67,1.67,-144.604315372224,150.99,639
"688","Cayleb","Jones","FA","WR",1.44,1.44,-144.834315372224,150.99,640
"689","Cayleb","Jones","FA","WR",1.44,1.44,-144.834315372224,150.99,640
"690","Bryce","Treggs","FA","WR",0.87,0.87,-145.404315372224,150.98,641
"691","Marcell","Ateman","FA","WR",0.8,0.8,-145.474315372224,150.99,642
"692","Jay","Cutler","FA","QB",64.684,286.156,-145.610666666667,150.96,643
"693","Bobo","Wilson","FA","WR",0.575,0.575,-145.699315372224,150.99,644
"694","Bobo","Wilson","FA","WR",0.575,0.575,-145.699315372224,150.99,644
"695","Marcus","Kemp","KCC","WR",0.0125,0.2375,-146.024315372224,150.99,645
"696","Tim","Patrick","DEN","WR",-0.54,0.0693,-146.107315372224,150.99,646
"697","Tim","Patrick","DEN","WR",-0.54,0.0693,-146.107315372224,150.99,646
"698","Michael","Campanaro","TEN","WR",0.0101,0.1451,-146.148815372224,150.98,647
"699","Michael","Campanaro","TEN","WR",0.0101,0.1451,-146.148815372224,150.98,647
"700","Bradley","Marquez","DET","WR",-0.1706,0.119,-146.256315372224,150.99,648
"701","Bradley","Marquez","DET","WR",-0.1706,0.119,-146.256315372224,150.99,648
"702","Bradley","Marquez","DET","WR",-0.1706,0.119,-146.256315372224,150.99,648
"703","Cobi","Hamilton","FA","WR",0,0,-146.274315372224,150.98,649
"704","Marlon","Brown","CHI","WR",0,0,-146.274315372224,150.98,649
"705","Marqise","Lee","JAC","WR",0,0,-146.274315372224,175.356666666667,649
"706","Matt","Hazel","FA","WR",0,0,-146.274315372224,NA,649
"707","DeAndre","Smelter","FA","WR",0,0,-146.274315372224,150.98,649
"708","DeAndre","Smelter","FA","WR",0,0,-146.274315372224,150.98,649
"709","DeAndre","Smelter","FA","WR",0,0,-146.274315372224,150.98,649
"710","Jordan","Leslie","FA","WR",0,0,-146.274315372224,150.99,649
"711","Jordan","Leslie","FA","WR",0,0,-146.274315372224,150.99,649
"712","Jordan","Leslie","FA","WR",0,0,-146.274315372224,150.99,649
"713","DeAndrew","White","FA","WR",0,0,-146.274315372224,150.99,649
"714","DeAndrew","White","FA","WR",0,0,-146.274315372224,150.99,649
"715","Kasen","Williams","FA","WR",0,0,-146.274315372224,NA,649
"716","Jake","Kumerow","GBP","WR",0,0,-146.274315372224,150.93,649
"717","Aaron","Burbridge","FA","WR",0,0,-146.274315372224,150.97,649
"718","Daniel","Braverman","FA","WR",0,0,-146.274315372224,150.99,649
"719","Daniel","Braverman","FA","WR",0,0,-146.274315372224,150.99,649
"720","Daniel","Braverman","FA","WR",0,0,-146.274315372224,150.99,649
"721","Andy","Jones","DET","WR",0,0,-146.274315372224,NA,649
"722","Tevaun","Smith","JAC","WR",0,0,-146.274315372224,150.98,649
"723","Artavis","Scott","LAC","WR",0,0,-146.274315372224,150.99,649
"724","Fred","Ross","CAR","WR",0,0,-146.274315372224,150.99,649
"725","Travin","Dural","NOS","WR",0,0,-146.274315372224,150.99,649
"726","Travin","Dural","NOS","WR",0,0,-146.274315372224,150.99,649
"727","Robert","Davis","WAS","WR",0,0,-146.274315372224,150.99,649
"728","Robert","Davis","WAS","WR",0,0,-146.274315372224,150.99,649
"729","Krishawn","Hogan","FA","WR",0,0,-146.274315372224,150.99,649
"730","Keon","Hatcher","OAK","WR",0,0,-146.274315372224,150.99,649
"731","Quincy","Adeboyejo","BAL","WR",0,0,-146.274315372224,150.97,649
"732","K.J.","Brent","FA","WR",0,0,-146.274315372224,150.99,649
"733","K.J.","Brent","FA","WR",0,0,-146.274315372224,150.99,649
"734","Deon","Cain","IND","WR",0,0,-146.274315372224,150.97,649
"735","Braxton","Berrios","NEP","WR",0,0,-146.274315372224,150.97,649
"736","Darren","Andrews","NEP","WR",0,0,-146.274315372224,NA,649
"737","Cody","Hollister","NEP","WR",0,0,-146.274315372224,150.99,649
"738","River","Cracraft","FA","WR",0,0,-146.274315372224,150.99,649
"739","Byron","Pringle","KCC","WR",0,0,-146.274315372224,151,649
"740","Byron","Pringle","KCC","WR",0,0,-146.274315372224,151,649
"741","C.J.","Board","FA","WR",0,0,-146.274315372224,151,649
"742","Jordan","Veasy","FA","WR",0,0,-146.274315372224,NA,649
"743","Damoun","Patterson","FA","WR",0,0,-146.274315372224,150.96,649
"744","Vyncint","Smith","HOU","WR",0,0,-146.274315372224,NA,649
"745","Cam","Sims","WAS","WR",0,0,-146.274315372224,NA,649
"746","J.J.","Jones","LAC","WR",0,0,-146.274315372224,150.97,649
"747","Brandon","Powell","DET","WR",0,0,-146.274315372224,150.99,649
"748","Devin","Smith","FA","WR",-0.004,-0.004,-146.278315372224,150.98,650
"749","Devin","Smith","FA","WR",-0.004,-0.004,-146.278315372224,150.98,650
"750","Devin","Smith","FA","WR",-0.004,-0.004,-146.278315372224,150.98,650
"751","DeAndre","Carter","PHI","WR",-0.0285,-0.0015,-146.284315372224,150.99,651
"752","DeAndre","Carter","PHI","WR",-0.0285,-0.0015,-146.284315372224,150.99,651
"753","Rashad","Greene","JAC","WR",-0.18,0,-146.294315372224,150.98,652
"754","Rashad","Greene","JAC","WR",-0.18,0,-146.294315372224,150.98,652
"755","Darius","Jennings","TEN","WR",-0.342,-0.018,-146.424315372224,150.98,653
"756","Darius","Jennings","TEN","WR",-0.342,-0.018,-146.424315372224,150.98,653
"757","John","Diarse","FA","WR",-1.32,-1.32,-147.594315372224,151,654
"758","Terrelle","Pryor","NYJ","WR",158.12,158.12,-162.910666666667,248.33,655
"759","E.J.","Manuel","FA","QB",13.6046,223.4234,-202.816666666667,150.97,656
"760","Josh","Allen","BUF","QB",10.6199,212.61733,-207.650666666667,266.745,657
"761","Josh","Rosen","ARI","QB",33.1689,149.5752,-225.965266666667,271.66,658
"762","Nathan","Peterman","BUF","QB",19.09487,243.64886,-231.201166666667,150.96,659
"763","Ryan","Fitzpatrick","TBB","QB",36.585,213.833,-247.980666666667,150.9,660
"764","Baker","Mayfield","CLE","QB",15.8616,117.828,-248.645666666667,205.613333333333,661
"765","Mark","Sanchez","FA","QB",54.68,54.68,-266.350666666667,NA,662
"766","Nick","Foles","PHI","QB",22.1076,117.05,-270.328666666667,251.76,663
"767","Josh","McCown","NYJ","QB",0.936,141.563,-274.706066666667,150.86,664
"768","Lamar","Jackson","BAL","QB",22.726,77.93,-284.710323809524,257.375,665
"769","Jacoby","Brissett","IND","QB",4.5168,63.8348,-297.924666666667,150.93,666
"770","Blaine","Gabbert","TEN","QB",2.81088,114.212,-303.804666666667,150.95,667
"771","Brock","Osweiler","MIA","QB",1.2596,68.8904,-307.500666666667,150.93,668
"772","Brock","Osweiler","MIA","QB",1.2596,68.8904,-307.500666666667,150.93,668
"773","Mike","Glennon","ARI","QB",2.4784,16.68208,-308.108466666667,150.96,669
"774","Brandon","Weeden","HOU","QB",1.1408,194.565,-308.891466666667,150.98,670
"775","Mason","Rudolph","PIT","QB",1.4184,23.024,-308.953666666667,150.87,671
"776","Tom","Savage","FA","QB",2.9568,20.4672,-309.618666666667,150.94,672
"777","DeShone","Kizer","GBP","QB",1.7464,52.0744,-309.730666666667,150.91,673
"778","David","Fales","MIA","QB",0.0992,13.66472,-311.858516666667,NA,675
"779","Paxton","Lynch","FA","QB",8.726,8.726,-312.304666666667,150.94,676
"780","Matt","Barkley","CIN","QB",0.29,12.89,-312.580666666667,150.96,677
"781","Brett","Hundley","SEA","QB",2.0544,37.63264,-312.608416666667,150.94,678
"782","Robert","Griffin III","BAL","QB",1.1445,242.4175,-312.650666666667,150.89,679
"783","Chase","Daniel","CHI","QB",0.10595,22.49378,-313.176566666667,150.97,680
"784","Teddy","Bridgewater","NOS","QB",0.1861,41.38,-313.186966666667,150.82,681
"785","Joshua","Dobbs","PIT","QB",4.17654,8.5129,-313.347266666667,150.96,682
"786","Kevin","Hogan","DEN","QB",0.5416,14.05339,-313.421766666667,NA,683
"787","Colt","McCoy","WAS","QB",1.347,13.95495,-313.684616666667,150.95,684
"788","Drew","Stanton","CLE","QB",0.301600000000001,14.2264,-313.766666666667,150.99,685
"789","A.J.","McCarron","OAK","QB",0.4396,171.26622,-313.999166666667,150.87,686
"790","Brian","Hoyer","NEP","QB",0.766,13.67209,-314.135766666667,150.94,687
"791","Trevor","Siemian","MIN","QB",1.3618,38.85607,-314.361166666667,150.9,688
"792","C.J.","Beathard","SFO","QB",1.675,33.72445,-314.375166666667,150.97,689
"793","Kyle","Lauletta","NYG","QB",0.797,8.3171,-315.205466666667,150.98,690
"794","Chad","Henne","KCC","QB",0.31685,45.913,-315.240666666667,150.99,691
"795","Jeff","Driskel","CIN","QB",0.0856,11.1872,-315.612666666667,NA,692
"796","Taysom","Hill","NOS","QB",5.016,5.016,-316.014666666667,150.97,693
"797","Cooper","Rush","DAL","QB",0.7704,11.97588,-316.146266666667,NA,694
"798","Matt","Schaub","ATL","QB",0.2028,172.83858,-316.256666666667,NA,695
"799","Sean","Mannion","LAR","QB",-1.8762,8.214,-316.674166666667,NA,696
"800","Geno","Smith","LAC","QB",0.0179999999999999,97.9433599999999,-317.179916666667,150.97,697
"801","Cody","Kessler","JAC","QB",-0.0671499999999999,9.15641,-317.225966666667,150.97,698
"802","Luke","Falk","MIA","QB",3.552,3.552,-317.478666666667,150.99,699
"803","Matt","Cassel","DET","QB",-0.9382,21.8741,-317.566516666667,150.97,700
"804","Landry","Jones","FA","QB",3.368,3.368,-317.662666666667,150.97,701
"805","Chad","Kelly","DEN","QB",1.281,5.9415,-317.820666666667,150.93,702
"806","Joe","Webb","HOU","QB",0.0045,5.24983,-318.937066666667,150.97,703
"807","Taylor","Heinicke","CAR","QB",0.15,6.6536,-318.982666666667,NA,704
"808","Austin","Davis","SEA","QB",0.2368,3.0592,-319.382666666667,150.98,705
"809","Ryan","Griffin","TBB","QB",0.0261,1.3885,-320.059666666667,150.97,706
"810","Ryan","Griffin","HOU","TE",0.756,0.756,-320.274666666667,259.265,707
"811","Nate","Sudfeld","PHI","QB",0.0328,2.86276,-320.400166666667,NA,708
"812","Matt","McGloin","KCC","QB",0.199,0.199,-320.831666666667,NA,709
"813","Tanner","Lee","FA","QB",0.08,0.08,-320.950666666667,150.99,710
"814","Brandon","Allen","LAR","QB",0,0,-321.030666666667,NA,711
"815","Brad","Kaaya","IND","QB",0,0,-321.030666666667,NA,711
"816","Kyle","Sloter","MIN","QB",0,0,-321.030666666667,150.99,711
"817","Tim","Boyle","GBP","QB",0,0,-321.030666666667,150.98,711
"818","Tyler","Bray","FA","QB",-0.04,-0.04,-321.070666666667,NA,712
"819","Mike","White","DAL","QB",-0.1178,-0.00620000000000001,-321.154666666667,150.99,713
"820","Jake","Rudock","FA","QB",-0.544,-0.544,-321.574666666667,NA,714
"821","Brandon","Wilson","CIN","S",0,0,NA,150.99,NA
